filename,object_location,image_small,image_thumb
bakhmut_city_childrens_and_youth_center_after_olexiy_reva.jpg,/objects/bakhmut_city_childrens_and_youth_center_after_olexiy_reva.jpg,/objects/small/bakhmut_city_childrens_and_youth_center_after_olexiy_reva_sm.jpg,/objects/thumbs/bakhmut_city_childrens_and_youth_center_after_olexiy_reva_th.jpg
bakhmut_city_childrens_and_youth_center_before_hyacint.jpg,/objects/bakhmut_city_childrens_and_youth_center_before_hyacint.jpg,/objects/small/bakhmut_city_childrens_and_youth_center_before_hyacint_sm.jpg,/objects/thumbs/bakhmut_city_childrens_and_youth_center_before_hyacint_th.jpg
bakhmut_myru_42_1970_s.jpg,/objects/bakhmut_myru_42_1970_s.jpg,/objects/small/bakhmut_myru_42_1970_s_sm.jpg,/objects/thumbs/bakhmut_myru_42_1970_s_th.jpg
bakhmut_myru_42_2023.jpg,/objects/bakhmut_myru_42_2023.jpg,/objects/small/bakhmut_myru_42_2023_sm.jpg,/objects/thumbs/bakhmut_myru_42_2023_th.jpg
bakhmut_railway_1913.jpg,/objects/bakhmut_railway_1913.jpg,/objects/small/bakhmut_railway_1913_sm.jpg,/objects/thumbs/bakhmut_railway_1913_th.jpg
bakhmut_railway_2023.jpg,/objects/bakhmut_railway_2023.jpg,/objects/small/bakhmut_railway_2023_sm.jpg,/objects/thumbs/bakhmut_railway_2023_th.jpg
bakhmut_zemska_before_mykhaylo_kulishov.jpg,/objects/bakhmut_zemska_before_mykhaylo_kulishov.jpg,/objects/small/bakhmut_zemska_before_mykhaylo_kulishov_sm.jpg,/objects/thumbs/bakhmut_zemska_before_mykhaylo_kulishov_th.jpg
bakhmut_zemska_fire_dsns.jpg,/objects/bakhmut_zemska_fire_dsns.jpg,/objects/small/bakhmut_zemska_fire_dsns_sm.jpg,/objects/thumbs/bakhmut_zemska_fire_dsns_th.jpg
chernihiv_library_ministry.jpg,/objects/chernihiv_library_ministry.jpg,/objects/small/chernihiv_library_ministry_sm.jpg,/objects/thumbs/chernihiv_library_ministry_th.jpg
chernihiv_library_semen_shyrochyn.jpg,/objects/chernihiv_library_semen_shyrochyn.jpg,/objects/small/chernihiv_library_semen_shyrochyn_sm.jpg,/objects/thumbs/chernihiv_library_semen_shyrochyn_th.jpg
chernihiv_theatre_semen_shyrochyn.jpg,/objects/chernihiv_theatre_semen_shyrochyn.jpg,/objects/small/chernihiv_theatre_semen_shyrochyn_sm.jpg,/objects/thumbs/chernihiv_theatre_semen_shyrochyn_th.jpg
chernihiv_theatre_suspilne_chernihiv.jpg,/objects/chernihiv_theatre_suspilne_chernihiv.jpg,/objects/small/chernihiv_theatre_suspilne_chernihiv_sm.jpg,/objects/thumbs/chernihiv_theatre_suspilne_chernihiv_th.jpg
dnipro_bus_station_dp_informator_ua.jpg,/objects/dnipro_bus_station_dp_informator_ua.jpg,/objects/small/dnipro_bus_station_dp_informator_ua_sm.jpg,/objects/thumbs/dnipro_bus_station_dp_informator_ua_th.jpg
dnipro_bus_station_mykola_synelnykov(reuters).jpg,/objects/dnipro_bus_station_mykola_synelnykov(reuters).jpg,/objects/small/dnipro_bus_station_mykola_synelnykov(reuters)_sm.jpg,/objects/thumbs/dnipro_bus_station_mykola_synelnykov(reuters)_th.jpg
dnipro_vokzalna_shyrochyn.jpg,/objects/dnipro_vokzalna_shyrochyn.jpg,/objects/small/dnipro_vokzalna_shyrochyn_sm.jpg,/objects/thumbs/dnipro_vokzalna_shyrochyn_th.jpg
dnipro_vokzalna_suspilne_media.jpg,/objects/dnipro_vokzalna_suspilne_media.jpg,/objects/small/dnipro_vokzalna_suspilne_media_sm.jpg,/objects/thumbs/dnipro_vokzalna_suspilne_media_th.jpg
irpin_club_shyrochyn.jpg,/objects/irpin_club_shyrochyn.jpg,/objects/small/irpin_club_shyrochyn_sm.jpg,/objects/thumbs/irpin_club_shyrochyn_th.jpg
irpin_club_yulia_mashuta.jpg,/objects/irpin_club_yulia_mashuta.jpg,/objects/small/irpin_club_yulia_mashuta_sm.jpg,/objects/thumbs/irpin_club_yulia_mashuta_th.jpg
kahovka_ges_news_obozrevatel_com.jpg,/objects/kahovka_ges_news_obozrevatel_com.jpg,/objects/small/kahovka_ges_news_obozrevatel_com_sm.jpg,/objects/thumbs/kahovka_ges_news_obozrevatel_com_th.jpg
kahovka_ges_uhe_gov_ua.jpg,/objects/kahovka_ges_uhe_gov_ua.jpg,/objects/small/kahovka_ges_uhe_gov_ua_sm.jpg,/objects/thumbs/kahovka_ges_uhe_gov_ua_th.jpg
kharkiv_maslovsky_moniacs_kh_ua.jpg,/objects/kharkiv_maslovsky_moniacs_kh_ua.jpg,/objects/small/kharkiv_maslovsky_moniacs_kh_ua_sm.jpg,/objects/thumbs/kharkiv_maslovsky_moniacs_kh_ua_th.jpg
kharkiv_maslovsky_slovoidilo_ua.jpg,/objects/kharkiv_maslovsky_slovoidilo_ua.jpg,/objects/small/kharkiv_maslovsky_slovoidilo_ua_sm.jpg,/objects/thumbs/kharkiv_maslovsky_slovoidilo_ua_th.jpg
kharkiv_oda_mns_gov_ua.jpg,/objects/kharkiv_oda_mns_gov_ua.jpg,/objects/small/kharkiv_oda_mns_gov_ua_sm.jpg,/objects/thumbs/kharkiv_oda_mns_gov_ua_th.jpg
kharkiv_oda_shyrochyn.jpg,/objects/kharkiv_oda_shyrochyn.jpg,/objects/small/kharkiv_oda_shyrochyn_sm.jpg,/objects/thumbs/kharkiv_oda_shyrochyn_th.jpg
kharkiv_palaceoflabour_pavel_dorogoy.jpg,/objects/kharkiv_palaceoflabour_pavel_dorogoy.jpg,/objects/small/kharkiv_palaceoflabour_pavel_dorogoy_sm.jpg,/objects/thumbs/kharkiv_palaceoflabour_pavel_dorogoy_th.jpg
kharkiv_palaceoflabour_v_kiryukhin.jpg,/objects/kharkiv_palaceoflabour_v_kiryukhin.jpg,/objects/small/kharkiv_palaceoflabour_v_kiryukhin_sm.jpg,/objects/thumbs/kharkiv_palaceoflabour_v_kiryukhin_th.jpg
kharkiv_railway_palace_1969_b_mindel.jpg,/objects/kharkiv_railway_palace_1969_b_mindel.jpg,/objects/small/kharkiv_railway_palace_1969_b_mindel_sm.jpg,/objects/thumbs/kharkiv_railway_palace_1969_b_mindel_th.jpg
kharkiv_railway_palace_dmytro_kuzubov.jpg,/objects/kharkiv_railway_palace_dmytro_kuzubov.jpg,/objects/small/kharkiv_railway_palace_dmytro_kuzubov_sm.jpg,/objects/thumbs/kharkiv_railway_palace_dmytro_kuzubov_th.jpg
kherson_academy_shyrochyn.jpg,/objects/kherson_academy_shyrochyn.jpg,/objects/small/kherson_academy_shyrochyn_sm.jpg,/objects/thumbs/kherson_academy_shyrochyn_th.jpg
kherson_academy_suspilne_media.jpg,/objects/kherson_academy_suspilne_media.jpg,/objects/small/kherson_academy_suspilne_media_sm.jpg,/objects/thumbs/kherson_academy_suspilne_media_th.jpg
kherson_concert_hall_after_police.jpg,/objects/kherson_concert_hall_after_police.jpg,/objects/small/kherson_concert_hall_after_police_sm.jpg,/objects/thumbs/kherson_concert_hall_after_police_th.jpg
kherson_concert_hall_before_shyrochyn.jpg,/objects/kherson_concert_hall_before_shyrochyn.jpg,/objects/small/kherson_concert_hall_before_shyrochyn_sm.jpg,/objects/thumbs/kherson_concert_hall_before_shyrochyn_th.jpg
kherson_library_after.jpg,/objects/kherson_library_after.jpg,/objects/small/kherson_library_after_sm.jpg,/objects/thumbs/kherson_library_after_th.jpg
kherson_library_before.jpg,/objects/kherson_library_before.jpg,/objects/small/kherson_library_before_sm.jpg,/objects/thumbs/kherson_library_before_th.jpg
kostyantynivka_administration_konstrada_gov_ua.jpg,/objects/kostyantynivka_administration_konstrada_gov_ua.jpg,/objects/small/kostyantynivka_administration_konstrada_gov_ua_sm.jpg,/objects/thumbs/kostyantynivka_administration_konstrada_gov_ua_th.jpg
kostyantynivka_administration_oda.jpg,/objects/kostyantynivka_administration_oda.jpg,/objects/small/kostyantynivka_administration_oda_sm.jpg,/objects/thumbs/kostyantynivka_administration_oda_th.jpg
kostyantynivka_railway_pastvu.jpg,/objects/kostyantynivka_railway_pastvu.jpg,/objects/small/kostyantynivka_railway_pastvu_sm.jpg,/objects/thumbs/kostyantynivka_railway_pastvu_th.jpg
kostyantynivka_railway_serhii_leshchenko.jpg,/objects/kostyantynivka_railway_serhii_leshchenko.jpg,/objects/small/kostyantynivka_railway_serhii_leshchenko_sm.jpg,/objects/thumbs/kostyantynivka_railway_serhii_leshchenko_th.jpg
kramatorsk_marata13_ilya_andreev.jpg,/objects/kramatorsk_marata13_ilya_andreev.jpg,/objects/small/kramatorsk_marata13_ilya_andreev_sm.jpg,/objects/thumbs/kramatorsk_marata13_ilya_andreev_th.jpg
kramatorsk_marata13_volodymyr_kotsarenko.jpg,/objects/kramatorsk_marata13_volodymyr_kotsarenko.jpg,/objects/small/kramatorsk_marata13_volodymyr_kotsarenko_sm.jpg,/objects/thumbs/kramatorsk_marata13_volodymyr_kotsarenko_th.jpg
kyiv_okhmadyt_moz_gov_ua.jpg,/objects/kyiv_okhmadyt_moz_gov_ua.jpg,/objects/small/kyiv_okhmadyt_moz_gov_ua_sm.jpg,/objects/thumbs/kyiv_okhmadyt_moz_gov_ua_th.jpg
kyiv_okhmadyt_village_com_ua.jpg,/objects/kyiv_okhmadyt_village_com_ua.jpg,/objects/small/kyiv_okhmadyt_village_com_ua_sm.jpg,/objects/thumbs/kyiv_okhmadyt_village_com_ua_th.jpg
kyiv_zhylianska_semen_shyrochyn.jpg,/objects/kyiv_zhylianska_semen_shyrochyn.jpg,/objects/small/kyiv_zhylianska_semen_shyrochyn_sm.jpg,/objects/thumbs/kyiv_zhylianska_semen_shyrochyn_th.jpg
kyiv_zhylianska_sviydim_media.jpg,/objects/kyiv_zhylianska_sviydim_media.jpg,/objects/small/kyiv_zhylianska_sviydim_media_sm.jpg,/objects/thumbs/kyiv_zhylianska_sviydim_media_th.jpg
lozova_palace_attack_suspilne_media.jpg,/objects/lozova_palace_attack_suspilne_media.jpg,/objects/small/lozova_palace_attack_suspilne_media_sm.jpg,/objects/thumbs/lozova_palace_attack_suspilne_media_th.jpg
lozova_palace_before_kharkivoda_gov_ua.jpg,/objects/lozova_palace_before_kharkivoda_gov_ua.jpg,/objects/small/lozova_palace_before_kharkivoda_gov_ua_sm.jpg,/objects/thumbs/lozova_palace_before_kharkivoda_gov_ua_th.jpg
lviv_polytechnic_baluk_restored.jpg,/objects/lviv_polytechnic_baluk_restored.jpg,/objects/small/lviv_polytechnic_baluk_restored_sm.jpg,/objects/thumbs/lviv_polytechnic_baluk_restored_th.jpg
lviv_polytechnic_baluk_ruined.jpg,/objects/lviv_polytechnic_baluk_ruined.jpg,/objects/small/lviv_polytechnic_baluk_ruined_sm.jpg,/objects/thumbs/lviv_polytechnic_baluk_ruined_th.jpg
lysychansk_gymnasium_after_serhii_hayday.jpg,/objects/lysychansk_gymnasium_after_serhii_hayday.jpg,/objects/small/lysychansk_gymnasium_after_serhii_hayday_sm.jpg,/objects/thumbs/lysychansk_gymnasium_after_serhii_hayday_th.jpg
lysychansk_gymnasium_before_serhii_hayday.jpg,/objects/lysychansk_gymnasium_before_serhii_hayday.jpg,/objects/small/lysychansk_gymnasium_before_serhii_hayday_sm.jpg,/objects/thumbs/lysychansk_gymnasium_before_serhii_hayday_th.jpg
lysychansk_itr_donmining_info.jpg,/objects/lysychansk_itr_donmining_info.jpg,/objects/small/lysychansk_itr_donmining_info_sm.jpg,/objects/thumbs/lysychansk_itr_donmining_info_th.jpg
lysychansk_itr_vchaspik_ua.jpg,/objects/lysychansk_itr_vchaspik_ua.jpg,/objects/small/lysychansk_itr_vchaspik_ua_sm.jpg,/objects/thumbs/lysychansk_itr_vchaspik_ua_th.jpg
mariupol_clock_after_informator_ua.jpg,/objects/mariupol_clock_after_informator_ua.jpg,/objects/small/mariupol_clock_after_informator_ua_sm.jpg,/objects/thumbs/mariupol_clock_after_informator_ua_th.jpg
mariupol_clock_before_informator_ua.jpg,/objects/mariupol_clock_before_informator_ua.jpg,/objects/small/mariupol_clock_before_informator_ua_sm.jpg,/objects/thumbs/mariupol_clock_before_informator_ua_th.jpg
mariupol_railway_modernism_in_ua.jpg,/objects/mariupol_railway_modernism_in_ua.jpg,/objects/small/mariupol_railway_modernism_in_ua_sm.jpg,/objects/thumbs/mariupol_railway_modernism_in_ua_th.jpg
mariupol_railway_reuters.jpg,/objects/mariupol_railway_reuters.jpg,/objects/small/mariupol_railway_reuters_sm.jpg,/objects/thumbs/mariupol_railway_reuters_th.jpg
mariupol_theatre_reuters.jpg,/objects/mariupol_theatre_reuters.jpg,/objects/small/mariupol_theatre_reuters_sm.jpg,/objects/thumbs/mariupol_theatre_reuters_th.jpg
mariupol_theatre_shyrochyn.jpg,/objects/mariupol_theatre_shyrochyn.jpg,/objects/small/mariupol_theatre_shyrochyn_sm.jpg,/objects/thumbs/mariupol_theatre_shyrochyn_th.jpg
mykolaiv_oda_dnabb.jpg,/objects/mykolaiv_oda_dnabb.jpg,/objects/small/mykolaiv_oda_dnabb_sm.jpg,/objects/thumbs/mykolaiv_oda_dnabb_th.jpg
mykolaiv_oda_dsns.jpg,/objects/mykolaiv_oda_dsns.jpg,/objects/small/mykolaiv_oda_dsns_sm.jpg,/objects/thumbs/mykolaiv_oda_dsns_th.jpg
odessa_sobor_president_gov_ua.jpg,/objects/odessa_sobor_president_gov_ua.jpg,/objects/small/odessa_sobor_president_gov_ua_sm.jpg,/objects/thumbs/odessa_sobor_president_gov_ua_th.jpg
odessa_sobor_shyrochyn.jpg,/objects/odessa_sobor_shyrochyn.jpg,/objects/small/odessa_sobor_shyrochyn_sm.jpg,/objects/thumbs/odessa_sobor_shyrochyn_th.jpg
okhtyrka_railway_railexpoua_com.jpg,/objects/okhtyrka_railway_railexpoua_com.jpg,/objects/small/okhtyrka_railway_railexpoua_com_sm.jpg,/objects/thumbs/okhtyrka_railway_railexpoua_com_th.jpg
okhtyrka_railway_ui_org_ua.jpg,/objects/okhtyrka_railway_ui_org_ua.jpg,/objects/small/okhtyrka_railway_ui_org_ua_sm.jpg,/objects/thumbs/okhtyrka_railway_ui_org_ua_th.jpg
severodonetsk_ice_palace(olexandr_yakubenko).jpg,/objects/severodonetsk_ice_palace(olexandr_yakubenko).jpg,/objects/small/severodonetsk_ice_palace(olexandr_yakubenko)_sm.jpg,/objects/thumbs/severodonetsk_ice_palace(olexandr_yakubenko)_th.jpg
severodonetsk_ice_palace(vchaspik_ua).jpg,/objects/severodonetsk_ice_palace(vchaspik_ua).jpg,/objects/small/severodonetsk_ice_palace(vchaspik_ua)_sm.jpg,/objects/thumbs/severodonetsk_ice_palace(vchaspik_ua)_th.jpg
skovorodynivka_2011_denis_vitchenko.jpg,/objects/skovorodynivka_2011_denis_vitchenko.jpg,/objects/small/skovorodynivka_2011_denis_vitchenko_sm.jpg,/objects/thumbs/skovorodynivka_2011_denis_vitchenko_th.jpg
skovorodynivka_chytomo.jpg,/objects/skovorodynivka_chytomo.jpg,/objects/small/skovorodynivka_chytomo_sm.jpg,/objects/thumbs/skovorodynivka_chytomo_th.jpg
vyazivka_zhitomir_info_1.jpg,/objects/vyazivka_zhitomir_info_1.jpg,/objects/small/vyazivka_zhitomir_info_1_sm.jpg,/objects/thumbs/vyazivka_zhitomir_info_1_th.jpg
vyazivka_zhitomir_info_2.jpg,/objects/vyazivka_zhitomir_info_2.jpg,/objects/small/vyazivka_zhitomir_info_2_sm.jpg,/objects/thumbs/vyazivka_zhitomir_info_2_th.jpg
vynnitsya_president_gov_ua.jpg,/objects/vynnitsya_president_gov_ua.jpg,/objects/small/vynnitsya_president_gov_ua_sm.jpg,/objects/thumbs/vynnitsya_president_gov_ua_th.jpg
vynnitsya_semen_shyrochyn.jpg,/objects/vynnitsya_semen_shyrochyn.jpg,/objects/small/vynnitsya_semen_shyrochyn_sm.jpg,/objects/thumbs/vynnitsya_semen_shyrochyn_th.jpg
zaporizhzhia_151_semen_shyrochyn.jpg,/objects/zaporizhzhia_151_semen_shyrochyn.jpg,/objects/small/zaporizhzhia_151_semen_shyrochyn_sm.jpg,/objects/thumbs/zaporizhzhia_151_semen_shyrochyn_th.jpg
zaporizhzhia_151_zprz_city.jpg,/objects/zaporizhzhia_151_zprz_city.jpg,/objects/small/zaporizhzhia_151_zprz_city_sm.jpg,/objects/thumbs/zaporizhzhia_151_zprz_city_th.jpg
zaporizhzhia_dnoproges_oleksandr_malyon.jpg,/objects/zaporizhzhia_dnoproges_oleksandr_malyon.jpg,/objects/small/zaporizhzhia_dnoproges_oleksandr_malyon_sm.jpg,/objects/thumbs/zaporizhzhia_dnoproges_oleksandr_malyon_th.jpg
zaporizhzhia_dnoproges_president_gov_ua.jpg,/objects/zaporizhzhia_dnoproges_president_gov_ua.jpg,/objects/small/zaporizhzhia_dnoproges_president_gov_ua_sm.jpg,/objects/thumbs/zaporizhzhia_dnoproges_president_gov_ua_th.jpg
zaporizhzhia_sobor44_1news_zp_ua.jpg,/objects/zaporizhzhia_sobor44_1news_zp_ua.jpg,/objects/small/zaporizhzhia_sobor44_1news_zp_ua_sm.jpg,/objects/thumbs/zaporizhzhia_sobor44_1news_zp_ua_th.jpg
zaporizhzhia_sobor44_shyrochyn.jpg,/objects/zaporizhzhia_sobor44_shyrochyn.jpg,/objects/small/zaporizhzhia_sobor44_shyrochyn_sm.jpg,/objects/thumbs/zaporizhzhia_sobor44_shyrochyn_th.jpg
zavorychi_bykov.jpg,/objects/zavorychi_bykov.jpg,/objects/small/zavorychi_bykov_sm.jpg,/objects/thumbs/zavorychi_bykov_th.jpg
zavorychi_ukrinform.jpg,/objects/zavorychi_ukrinform.jpg,/objects/small/zavorychi_ukrinform_sm.jpg,/objects/thumbs/zavorychi_ukrinform_th.jpg
